{
  "test/integration/opaTests.qunit.html": 1733191928224,
  "test/testsuite.qunit.js": 1733191928208,
  "test/integration/pages/RisksList.js": 1733191928236,
  "test/integration/opaTests.qunit.js": 1733191928224,
  "test/integration/FirstJourney.js": 1733191928252,
  "test/integration/pages/RisksObjectPage.js": 1733191928236,
  "xs-app.json": 1733199441909,
  "manifest.json": 1733193962010,
  "Component.js": 1733191928108,
  "test/integration/pages/RisksList-dbg.js": 1733191928236,
  "test/integration/pages/RisksList.js.map": 1733199448662,
  "test/testsuite.qunit-dbg.js": 1733191928208,
  "test/testsuite.qunit.js.map": 1733199448660,
  "test/integration/opaTests.qunit-dbg.js": 1733191928224,
  "test/integration/opaTests.qunit.js.map": 1733199448661,
  "test/integration/FirstJourney-dbg.js": 1733191928252,
  "test/integration/FirstJourney.js.map": 1733199448659,
  "test/integration/pages/RisksObjectPage-dbg.js": 1733191928236,
  "test/integration/pages/RisksObjectPage.js.map": 1733199448661,
  "Component-dbg.js": 1733191928108,
  "Component.js.map": 1733199448663,
  "Component-preload.js": 1733199448719,
  "Component-preload.js.map": 1733199448719,
  "i18n/i18n.properties": 1733191928140,
  "test/testsuite.qunit.html": 1733191928192,
  "test/flpSandbox.html": 1733191928180,
  "index.html": 1733191928108
}